insert into Category (CId, CategoryName, IsPayout) values (3, 'KLGEHJRP7 K6B7EE34UQWVBE6AF1W9', 1)
go


insert into Category (CId, CategoryName, IsPayout) values (4, 'HX008CHFL4XBEVTTW NPBWC SRIK5O', 0)
go


insert into Category (CId, CategoryName, IsPayout) values (0, 'F  58HBQ 8G1JV41A9QV5KKPWT5OQN', 4)
go


insert into Category (CId, CategoryName, IsPayout) values (2, '27BRA1JGQRV RX 9FHMD2C7CO92FTF', 2)
go


insert into Category (CId, CategoryName, IsPayout) values (1, 'CLQ1E361XVWS1K3R51UEJTT9DU9XIO', 3)
go


insert into Item (ItemId, CId, ItemName, CategoryId) values (0, 3, 'PD61IQNI8WWES ODJ2D7YUEK05G8X0', 7)
go


insert into Item (ItemId, CId, ItemName, CategoryId) values (4, 3, 'Y9HR3H27COT2IW5NCB0CU2UH0D3GKD', 0)
go


insert into Item (ItemId, CId, ItemName, CategoryId) values (1, 3, 'VGXALLGYNHVEGY3WVR9MWT8N9KBGNF', 6)
go


insert into Item (ItemId, CId, ItemName, CategoryId) values (5, 3, 'JGGGHYWD5V2FXTVPNKMFES GW23OMW', 9)
go


insert into Item (ItemId, CId, ItemName, CategoryId) values (2, 3, 'Q5DS1EP41K129FNWGD4DBB12O85PD ', 2)
go


insert into Item (ItemId, CId, ItemName, CategoryId) values (9, 0, 'TJ0RWY064H9NVJCFIF84C3XKWJ275A', 3)
go


insert into Item (ItemId, CId, ItemName, CategoryId) values (7, 0, 'A61 WDYV18OGG69NLSGVX32OOV61VD', 1)
go


insert into Item (ItemId, CId, ItemName, CategoryId) values (3, 2, '0R6GXOF67OTKPB6PR GKQJVIYIXIC6', 4)
go


insert into Item (ItemId, CId, ItemName, CategoryId) values (6, 4, '2H40NN M 7IG5F6H20IFBAEVPY5HX3', 8)
go


insert into Item (ItemId, CId, ItemName, CategoryId) values (8, 3, 'PECRJINF4I66R2E2C7VJER0F4 J9SR', 5)
go


insert into List (LId, CId, ItemId, TradeDate, Explain) values (17, 3, 0, '689-9-22 8:47:51', 'P7FHDOM20SRPJJ6QJ821RW3EB5A40TTT9PAA3NG1A4LSKTOIRHGUM1SWSJ G AVO0W8G6F324WSLSC8VT242SQ0VPD7K3O0LCV95')
go


insert into List (LId, CId, ItemId, TradeDate, Explain) values (5, 3, 7, '934-6-14 10:40:28', '8HA5L3NM3MFAS5ULRVJA97J4OCDHYUW0M0RA2WXO4WY0X1WRSX42 R16RC51R793HTCC6M 2E0GAW84AW1L0NXA87DI00JWTQDV3')
go


insert into List (LId, CId, ItemId, TradeDate, Explain) values (8, 0, 1, '284-11-6 3:6:49', 'VONF5GN8IBWDW0SWCQF4OQOW7I 12S57CQCUDFBWY34IEAKBFE34KGX960510W394JYSWQ58NH8OS0VTI9HY36IFY1MFT4NRX1 6')
go


insert into List (LId, CId, ItemId, TradeDate, Explain) values (7, 2, 7, '204-8-1 2:34:35', 'CW00BM797YLUIUBN78SQYS4BJKQ3UBE910P2YQH0LJPRMTVROJ2DRKW5  BL7MPS4V40V843OT8UB V52SRGCVQUSRGGMCYTKY4E')
go


insert into List (LId, CId, ItemId, TradeDate, Explain) values (13, 4, 9, '1319-3-16 13:30:22', 'LPP4 K67DCP5P79 VC MB06R01QW3DOQ U91R6LXS 5GNQ0VUSH8SFILIF5X5VPD5IGA3OL0X9M8T H 05LQ4FNUMDU81V7KISEM')
go


insert into List (LId, CId, ItemId, TradeDate, Explain) values (3, 4, 2, '1469-11-14 15:50:9', 'TTACDL0YW771FK8N3 ND1W KTG7KRTTAKYUO0KRLA9POE9WW6UQXU890CDRFU WWR2GR  UG9SJGLPISPC23BNY67YX50SDGKWA5')
go


insert into List (LId, CId, ItemId, TradeDate, Explain) values (0, 2, 5, '1877-4-11 20:12:53', 'RQRBTXASUFM1QHXI0NTYTBVNTUJD PMD2VKBQLM3C88S5YILUX3QD4PQ207IRKRTVNR0LB6KJYYKL16PX9PATQL4U8O2F2YUJGID')
go


insert into List (LId, CId, ItemId, TradeDate, Explain) values (1, 2, 3, '1419-8-5 14:24:34', '0EYG 5PR2BS4 334VWV0E85BN BM9O0FTTR1FP5MGVVEAQY5T7 R06O7YK1ROR2EH5CUMNHNIUR2WU  M5SLVPJN1UXUVNFAW104')
go


insert into List (LId, CId, ItemId, TradeDate, Explain) values (9, 4, 0, '425-5-22 5:24:34', '3PQ6M5X KMWMH84A3PIL61GPN258OR51MSEU1EWW7D HHJUE33UFJ2515XQWAA5N8 KQQS5H3J1EFVWFL2EX IJGSBAAX7FXAHSB')
go


insert into List (LId, CId, ItemId, TradeDate, Explain) values (15, 2, 4, '1-1-1 0:0:0', 'J99BSTFJYN7UKWIA7K7I7DGSLTFQFO7J DTU4 1JEYQYA124N6RLDJA92 OVJ3GNE9HH5Y9GYLI094IEJTU1JAJWWCO1TGQE VUI')
go


insert into List (LId, CId, ItemId, TradeDate, Explain) values (19, 3, 2, '515-6-14 6:32:42', '9V1OLWK3DVQKXP448CEDF3 SPKQVKPN45YT20 YCPA9FLOB 8JKOS46O0GPLWWLFQNNWPJSMND26494NNTCCVYV1P9GHECEE9J0R')
go


insert into List (LId, CId, ItemId, TradeDate, Explain) values (2, 3, 9, '130-2-4 1:26:35', '0X6UVEQHVMB4UEJ5CVP94B8WDIU08B0R 7BSBRAD0JO8GJFEPNDHU2WKTIS0EW8DH2D280CAFJ2SFQXQ6TKWS5UMK707WASF5TLB')
go


insert into List (LId, CId, ItemId, TradeDate, Explain) values (14, 4, 3, '1763-1-10 18:47:11', '5U21UPBFYLE9SL1J1DXM70G60QC7DH7 T43YQVBSIWRFDQKA3NLI42YGFJ2FCPIGDVLMEG0BXJH5HSX0N3UOH4HI19Q53ST249D5')
go


insert into List (LId, CId, ItemId, TradeDate, Explain) values (10, 4, 6, '1640-7-12 18:1:10', 'VJAF7NKPHUYHPY4V7M P0JJWDPH0QLM0 W7FPHHSKQJCJLH91NHAV6AJO3VD3E51CYQJ1EBINVJ6PNGHGY EC7AED8F6HBALCSXV')
go


insert into List (LId, CId, ItemId, TradeDate, Explain) values (11, 3, 5, '1073-10-29 11:14:57', '3 NEFEXE2T5GSWK4HPD7K0KDA4VA52UG2XKCF2NFQX6M1KAGK0Y343SRCSBAR8M6E4PPVANJ43PQ3NB99JXJPOK2OEI2VADYULA6')
go


insert into List (LId, CId, ItemId, TradeDate, Explain) values (18, 2, 9, '1188-4-11 12:16:21', 'W50WWFD2KJRBEWPIROGYL9WI0X9GFH W9ERM1CF6W8UD6VABKO0YQRH HJICF60FNDYQTAL48FRY0C6R2VUJYIQ6D2C7H55QF6R2')
go


insert into List (LId, CId, ItemId, TradeDate, Explain) values (4, 3, 6, '1582-4-13 17:8:6', 'QY5AKFSMNFDY34K2G8Q8J81HE2Q5SHAIM5WJN85S3BGG8 VSOT1OMBUJCPKFPNPQKT740J7QMEJ8SNFVCBQH1B5NS2 QWO9EX5WN')
go


insert into List (LId, CId, ItemId, TradeDate, Explain) values (6, 0, 5, '371-8-2 4:29:52', ' K9QT87OXXYFIYHY0U9 D8WOX950DCE6NCPWIHOJLC7EF1FUJ6LN5IQ72PO0UXN7WGY9U2K1G00PO59DDAJNCBGQF15RJF3JE5FS')
go


insert into List (LId, CId, ItemId, TradeDate, Explain) values (12, 2, 7, '597-4-30 7:41:30', '8X6P T545X811SKUJ7J1VUUH MPHJFKBD96LF5GDY83UWW62K 0A2F6CYF2PLSXL8EW3V6U2I0463JU0JJE5ERJFHW69JJ A3S60')
go


insert into List (LId, CId, ItemId, TradeDate, Explain) values (16, 2, 4, '807-3-29 9:55:57', '4O8PKE5TGA4BUWSL5GCOY9NP6JC0H3AJS2IP1RJXODMH6AS29R2Y VLV2CJ6635B9FPF9H559NWYH2KCJL63FBO2K697CQ6DOJS3')
go


